urn:ogc:def:crs:OGC:1.3:CRS84,R5
R6
R4
R3-2
R4
R3-1
M1-1
R5
R4
R3-2
R3-2
R3X
M2-1
R3-2
R4
R4
C8-1
R2
R3-2
R3-1
C8-1
R3A
R3-1
R3-2
C4-1
R3-1
R3-1
R3A
R3A
C4-1
R3-2
R1-2
R3-1
C8-2
R3-2
C8-1
R3-1
R3A
R3-2
R3X
R3-1
M1-1
R3A
R3-2
R1-2
R6
M2-1
C4-2
R4
R3-1
C7
R6
C8-1
R3A
M1-1
R4A
R3-2
R3-2
R4
R4
R6
M1-1
R4-1
R6B
C8-1
C4-2
R4A
C4-3
R3A
R4-1
R4-1
R7-1
C8-3
M1-1
R7-2
M1-2
C8-3
R5A
R7-1
C4-2
C8-4
R3-1
M1-2
M1-4
R3-2
R8
R4-1
R6A
R5
R5
R5B
M1-1
R6
R6A
R5B
R5
R3-1
R5B
C3
M1-2
R3-2
R3X
R4-1
R5B
R3X
R5B
C8-2
R6
R4A
R4-1
R6A
R5B
R4-1
R3-1
R4A
R4A
R6B
C6-2
R7A
R6
R6
R6B
R6B
C8-2
C4-4A
C4-3
R7B
R4A
R6B
R5B
R6B
R6
R4-1
C6-1
C6-2
C8-1
C8-1
M1-2
M1-2
M1-2\/R6A
M1-2\/R6
M1-2\/R6A
R6B
R6A
M1-2\/R6B
M1-2\/R6A
R6
M1-2\/R6A
M1-5\/R9-1
C6-1
C6-1A
M1-2D
M1-1D
C8-4
R2
C8-1
C8-1
C8-1
M1-2
R5
R6A
R6B
M1-2
R6A
M1-2
C8-2
R4-1
R4A
R6A
R4-1
R4-1
R5B
R4-1
R5B
R4A
R4-1
R5B
C4-4A
R4
R7A
R3-1
M1-1
R7A
C4-3A
R7A
C7
R6
C8-2
C8-2
R6A
R7B
R4-1
M2-1
C4-2
C8-1
C8-1
R6B
R4
R4
R6B
R4-1
R4A
R5
R5
R5
R5
C4-3
R4A
R4-1
R4-1
R4A
R4A
R4-1
R5
M1-1
M1-1
M1-1
C8-1
C8-1
R7A
C8-1
C8-2
C4-2
R4-1
R2
R4-1
R4B
M1-2
M3-1
R8
M1-2
M1-2\/R6
R6A
M1-2\/R7A
M1-2\/R6A
M1-2\/R6B
R6A
R5B
R6
R4-1
M1-3
C8-1
M1-2
R6B
R5B
R4-1
R5B
R6B
R4-1
R5B
R4-1
R4B
R4A
R5B
R5B
R5B
C6-6.5
C1-9
R9
M1-5
M1-4
C6-2
C4-7
R3-2
R3-2
R3-2
R8B
R8B
R8
C1-9
R8A
C6-2
R8B
C8-4
C5-1
R9
R8B
C8-3
R7-2
R8
R8A
R8B
C6-3A
C4-5
C2-6
C2-6
R8
C8-4
C1-9
C1-6A
C8-4
R8
R8B
C1-9
R8B
C1-7
M1-4
M1-4
C8-4
M3-2
C4-7
M1-6
M1-6
M1-5
C6-2A
C6-3A
M1-5
C6-4
C6-4
C6-5.5
C2-8
R6A
M1-4
C4-4A
C1-6
C1-8X
R10
C5-2.5
C6-6
C6-4.5
C5-2.5
M1-6
C6-4M
C5-3
C6-4.5
C6-4
C5-2
C6-4
R8
R6
C2-8
R8B
C6-2
R8B
R6
R6
C5-2
R7-2
R7-2
C6-3
R8
C6-2A
R10
R8B
C1-9
R8B
C1-8
R8B
C5-2.5
C5-2.5
R8B
C1-8A
R8B
C1-9A
C6-6
R10
C6-4.5
R8B
C6-6
C6-3
C6-2
C2-8A
C6-1
R8A
R8A
C6-3A
C5-2.5
R8
R8A
R8B
C6-4
M1-5
C6-4A
R8B
C5-1
R8B
C5-2.5
C5-2.5
C6-3
C5-2
R8B
C1-9A
C6-2A
C5-2.5
C2-7
R8B
R8B
C5-2.5
R9X
C6-6.5
R8B
C2-8
C6-3
C6-4
M1-5
C1-9
C1-8X
R10
C5-1A
R8B
R8B
C4-7
C4-2F
R7B
C5-3
C6-4M
C6-7
C6-6
C6-3A
C6-2
R8
C5-2.5
R8B
R8
R8
R8
R7B
C2-6A
C5-3
M1-5
C1-9
R8
C6-2
C5-2
R7-2
R7B
C4-6
M3-1
R8B
R7B
C8-1
R5
R7A
R7X
R5B
R6
C8-1
R4
R4
R4A
R2A
R3A
M1-5\/R8A
M1-4\/R7A
M1-6\/R10
M1-6\/R10
R6B
R5
M1-5\/R7-3
R3-2
R7B
R5
R4
C4-3
R5
R5
M1-1
R6B
M1-1
C4-2
C4-2
R6B
R6B
R6B
R4
M2-1
M1-3
R6B
R6
R3-2
M1-2
R3A
R5
R4-1
R5
R3-1
C8-1
M1-5
C8-1
R4B
R4A
R4A
R4B
R2
R4
R4B
R4
R3A
R5
R6B
R3A
R5B
R2A
R3X
R7B
M1-1
C8-1
R6A
R6A
C4-3
C8-1
R6
R2A
R7X
M1-1
R4A
R2A
R6A
C8-1
M1-1
M1-2
M1-1
M1-2
M3-1
M1-2
C4-2F
R4B
R5
M1-1
R7A
C4-2
R4A
R4
R6B
R5
R5
C4-4
R5B
R2
R2
M1-1
R4
R7-1
R4
R5
R5
R4
R5
R7-1
R6
M1-2
M1-1
R4-1
C6-2
R6B
C4-3
R7-2
R6
M1-1
R3-1
C4-7
C6-2
R4-1
R4A
R4-1
R3A
C3
M2-1
R4A
C3
C3
R3-1
R6A
M3-1
M2-1
C8-1
C3
C3
R3-2
M3-1
M3-1
M1-2
M3-1
C3
R5
C8-1
R3-2
R7-1
R9
M3-1
R8
R8
M3-2
R8B
R6
M1-5\/R10
R8
R8B
M1-1
R6
C8-2
M1-1
R4
C3
M3-1
R10
M3-2
R9
R4
M1-1
R4A
M2-1
R4
R4
C3A
R4A
C3A
M2-1
M3-1
R3-2
R7-2
M3-1
M2-1
M1-1
M1-1
C5-P
C3
R3-1
R6
R5B
R7-2
R3-2
R2
C3
M1-1
R5B
R2A
R9
R8
R8B
C1-8X
R8B
C1-9
R2A
R2
M1-1
M2-1
M1-1
R4B
R4
R6
R5B
R6B
R6
R6A
R5B
R5B
R4-1
R4B
R4B
R4-1
R4-1
R6B
R4-1
R4B
R4B
R5B
R6B
R5B
R4-1
R5A
R4
R4A
R4
R4-1
M3-1
R4
R4
R4
R7B
R5B
R4-1
R3A
R7X
M1-1
R5
R4B
R4
R4A
R4A
R6A
R7-2
M1-2
C4-2A
C4-2
C8-1
R4-1
R3A
R4-1
R4A
R3A
R3-1
R5B
R3X
R4
R6B
R5B
R6A
R5
M1-1
R6B
R6B
C8-2
C6-2
C6-3
M1-2\/R6B
R6A
R6B
M1-2\/R6B
R6A
M3-1
M1-5
C4-2A
R6B
R6A
C4-6
R7A
R6B
R2
R5
R4B
R3-2
R4B
R2A
R3X
R4
R3-1
M1-5\/R7X
R5
R5A
C8-1
R6
C8-1
C3
R4A
R6A
R4A
R6A
R4
R3-2
R4-1
R7B
M1-2\/R6A
M1-2\/R5B
M1-2\/R5B
M1-2\/R5B
M1-2
M1-2\/R5D
M1-2\/R5B
M1-2\/R5B
M1-3\/R7X
M1-1
M1-2\/R6A
M1-2\/R5B
M1-2\/R5B
R7-2
R3-2
C4-3
M2-1
M2-1
C4-4
M1-4\/R8A
M1-4\/R6A
C4-4
R5B
R5
R4-1
R5B
R5B
R4-1
R3-1
R5
R5D
R5D
R5B
M1-1
M1-1
M1-1
R6B
R7A
R6B
M1-1
R6A
R6B
R6
R5B
R4-1
R4B
R4-1
R4-1
R4
R6B
R5A
R5
R5A
R5
R5
R6B
R5A
R5
R5A
R5
R5B
R3X
R7A
R4-1
R4A
R2
R3-2
C6-3X
R7-2
R3A
R3-1
R3X
R3A
R3X
M3-1
C8-1
C8-1
R7A
R6B
R7A
R6A
R6B
C4-3A
M3-1
R3X
R1-2
R5
R3X
C8-1
R3-1
R3-1
C4-1
R3-2
R3-1
R3-2
R3-1
R3-2
R3X
R3-2
C8-1
R3-1
R4
R3-2
R3-2
R3-2
R3-2
R3A
C8-1
R3X
C8-1
R3-2
R8
R8B
C6-7
C6-5
C6-5
C6-2
M1-5
M1-5
C2-8
M1-5
R6
R8A
R8B
C6-2A
R8B
C6-2A
R6
C6-2A
C6-3A
C6-2A
C6-3X
C6-2
C6-2A
C4-5A
C6-4A
R9A
R7B
R8B
M1-5M
C6-4
C6-4M
C6-2M
R10
R6
C6-4
C6-4A
C6-4
C5-4
R6B
R7A
R7B
R6A
R5B
R4-1
R4-1
M1-1
C8-1
M1-4\/R7A
M1-4\/R6B
M1-4\/R6A
M1-4\/R6B
M1-4\/R6A
R5B
R7-1
R8
R6
C8-1
R7A
R5
M1-2\/R6A
R5
M1-1
R5
C3
R1-2
R4-1
R3A
R4B
R3X
R4B
R3A
R2
M1-1
R4-1
R4A
M1-1
R5
R4A
R6A
R5A
R5
R2
M1-1
R4-1
R4A
R4
R3A
R2A
R4-1
R1-2
R4
R3A
R5
R5
R5
R8
R4B
R4-1
R4B
R5D
R3-2
R3-1
R3-2
R3-2
R4A
R2
R3X
R5B
R3-2
R4A
R3-2
R4
R3A
R5B
R5D
R6A
R4-1
R5
R6B
M1-2
M1-4\/R7A
C6-2A
R7A
R7X
R3-2
R2
R4A
C4-2
R8B
R8B
R9A
M1-2
R8
C1-7A
R8A
C6-3
R6A
R6B
M1-3
C2-8
C1-9
C2-8
R8B
C1-9
C1-9
R8B
R8B
C2-8A
C1-9
R8B
R4-1
C4-1
R5
R4A
C4-3A
C8-1
R4-1
C6-2
R5B
R8
C6-3A
R5
R4-1
R4
R4
R4-1
R6B
R6B
R6
R5D
R6B
R6B
R6
C4-4A
R5B
R5B
R6B
R4B
R5B
R6B
R6A
R6B
C4-3
M1-1
R6B
R7B
R6B
R4
R5
C8-2
R5D
R6A
R6B
R6B
R7-1
M1-2\/R6B
R6B
M1-2\/R6A
R2
R4-1
C4-1
R2
R3-2
R5D
R4-1
R5
R8X
R3X
R4
C3
R4-1
R2A
R4-1
R2A
M1-1
R1-2
C8-1
R4-1
R4
R5A
R5A
R4A
M3-1
R4
M2-1
R7B
R4-1
R6B
R4A
R4-1
R2
M1-2
R7-2
M3-1
R5
R7B
R4-1
R4B
R4-1
R3A
R7-1
R6
R5B
R5D
R4-1
R5B
R4
R4B
R6A
R5B
R3-1
R3-2
R3-2
R3-1
R4-1
R6A
R7B
R2
R3X
R3-1
R10
R9
M1-1
M1-4\/R6A
M1-2
R3-1
R3X
R5B
R7A
R5D
R5D
R4-1
R7A
R3-2
R3-2
R2
R2
R3-2
M3-1
R3X
R6
R6
R8B
R6A
R6B
R6A
M1-2\/R6A
C1-8A
C1-6A
R7B
R8B
M1-4\/R6A
R6A
R5B
R7X
R5B
R4A
M3-1
R6
M3-1
M3-1
M3-1
R2
R4
R6
R7-1
M3-1
C8-2
C3
R3-1
C3
M1-1
C3A
R4
R3-2
C4-1
M3-1
C4-4
R6
R6
R3-2
R4-1
R6A
R6A
R6A
R6B
R5
R6B
R1-2
R5
M3-1
R5B
R6B
R6B
PARK
PARK
PARK
PARK
PARK
PARK
PARK
PARK
PARK
PARK
PARK
PARK
PARK
PARK
PARK
PARK
PARK
PARK
PARK
PARK
PARK
PARK
PARK
PARK
PARK
PARK
PARK
PARK
PARK
PARK
PARK
PARK
PARK
PARK
PARK
PARK
PARK
PARK
PARK
PARK
PARK
PARK
PARK
PARK
PARK
PARK
PARK
PARK
PARK
PARK
PARK
PARK
PARK
PARK
PARK
PARK
PARK
PARK
PARK
PARK
PARK
PARK
PARK
PARK
PARK
PARK
PARK
PARK
PARK
PARK
PARK
PARK
PARK
PARK
PARK
PARK
PARK
PARK
PARK
PARK
PARK
PARK
PARK
PARK
PARK
PARK
PARK
PARK
PARK
PARK
PARK
PARK
PARK
PARK
PARK
PARK
PARK
PARK
PARK
PARK
PARK
PARK
PARK
PARK
PARK
PARK
PARK
PARK
PARK
PARK
PARK
PARK
PARK
PARK
PARK
PARK
PARK
PARK
PARK
PARK
PARK
PARK
PARK
PARK
PARK
PARK
PARK
PARK
PARK
PARK
PARK
PARK
PARK
PARK
PARK
PARK
PARK
PARK
PARK
PARK
PARK
PARK
PARK
PARK
PARK
PARK
PARK
PARK
PARK
PARK
PARK
PARK
PARK
PARK
PARK
PARK
PARK
PARK
PARK
PARK
PARK
PARK
PARK
PARK
PARK
PARK
PARK
PARK
PARK
PARK
PARK
PARK
PARK
PARK
PARK
PARK
PARK
PARK
PARK
PARK
PARK
PARK
PARK
PARK
PARK
PARK
PARK
PARK
PARK
PARK
PARK
PARK
PARK
PARK
PARK
PARK
PARK
PARK
PARK
PARK
PARK
PARK
PARK
PARK
PARK
PARK
PARK
PARK
PARK
PARK
PARK
PARK
PARK
PARK
PARK
PARK
PARK
PARK
PARK
PARK
PARK
PARK
PARK
PARK
PARK
PARK
PARK
PARK
PARK
PARK
PARK
PARK
PARK
PARK
PARK
PARK
PARK
PARK
PARK
PARK
PARK
PARK
PARK
PARK
PARK
PARK
PARK
PARK
PARK
PARK
PARK
PARK
PARK
PARK
PARK
PARK
PARK
PARK
PARK
PARK
PARK
PARK
PARK
PARK
PARK
PARK
PARK
PARK
PARK
PARK
PARK
PARK
PARK
PARK
PARK
PARK
PARK
PARK
PARK
PARK
PARK
PARK
PARK
PARK
PARK
PARK
PARK
PARK
PARK
PARK
PARK
PARK
PARK
PARK
PARK
PARK
PARK
PARK
PARK
PARK
PARK
PARK
PARK
PARK
PARK
PARK
PARK
PARK
PARK
PARK
PARK
PARK
PARK
PARK
PARK
PARK
PARK
PARK
PARK
PARK
PARK
PARK
PARK
PARK
PARK
PARK
PARK
PARK
PARK
PARK
PARK
PARK
PARK
PARK
PARK
PARK
PARK
PARK
PARK
PARK
PARK
PARK
PARK
PARK
PARK
PARK
PARK
PARK
PARK
PARK
PARK
PARK
PARK
PARK
PARK
PARK
PARK
PARK
PARK
PARK
PARK
PARK
PARK
PARK
PARK
PARK
PARK
PARK
PARK
PARK
PARK
PARK
PARK
PARK
PARK
PARK
PARK
PARK
PARK
PARK
PARK
PARK
PARK
PARK
PARK
PARK
PARK
PARK
PARK
PARK
PARK
PARK
PARK
PARK
PARK
PARK
PARK
PARK
PARK
PARK
PARK
PARK
PARK
PARK
PARK
PARK
PARK
PARK
PARK
PARK
PARK
PARK
PARK
PARK
PARK
PARK
PARK
PARK
PARK
PARK
PARK
PARK
PARK
PARK
PARK
PARK
PARK
PARK
PARK
PARK
PARK
PARK
PARK
PARK
PARK
PARK
PARK
PARK
PARK
PARK
PARK
PARK
PARK
PARK
PARK
PARK
PARK
PARK
PARK
PARK
PARK
PARK
PARK
PARK
PARK
PARK
PARK
PARK
PARK
PARK
PARK
PARK
PARK
PARK
PARK
PARK
PARK
PARK
PARK
PARK
PARK
PARK
PARK
PARK
PARK
PARK
PARK
PARK
PARK
PARK
PARK
PARK
PARK
PARK
PARK
PARK
PARK
PARK
PARK
PARK
PARK
PARK
PARK
PARK
PARK
PARK
PARK
PARK
PARK
PARK
PARK
PARK
PARK
PARK
PARK
PARK
PARK
PARK
PARK
PARK
PARK
PARK
PARK
PARK
PARK
PARK
PARK
PARK
PARK
PARK
PARK
PARK
PARK
PARK
PARK
PARK
PARK
PARK
PARK
PARK
PARK
PARK
PARK
PARK
PARK
PARK
PARK
PARK
PARK
PARK
PARK
PARK
PARK
PARK
PARK
PARK
PARK
PARK
PARK
PARK
PARK
PARK
PARK
PARK
PARK
PARK
PARK
PARK
PARK
PARK
PARK
PARK
PARK
PARK
PARK
PARK
PARK
PARK
PARK
PARK
PARK
PARK
PARK
PARK
PARK
PARK
PARK
PARK
PARK
PARK
PARK
PARK
PARK
PARK
PARK
PARK
PARK
PARK
PARK
PARK
PARK
PARK
PARK
PARK
PARK
PARK
PARK
PARK
PARK
PARK
PARK
PARK
PARK
PARK
PARK
PARK
PARK
PARK
PARK
PARK
PARK
PARK
PARK
PARK
PARK
PARK
PARK
PARK
PARK
PARK
PARK
PARK
PARK
PARK
PARK
PARK
PARK
PARK
PARK
PARK
PARK
PARK
PARK
PARK
PARK
PARK
PARK
PARK
PARK
PARK
PARK
PARK
PARK
PARK
PARK
PARK
PARK
PARK
PARK
PARK
PARK
PARK
PARK
PARK
PARK
PARK
PARK
PARK
PARK
PARK
PARK
PARK
PARK
PARK
PARK
PARK
PARK
PARK
PARK
PARK
PARK
PARK
PARK
PARK
PARK
PARK
PARK
PARK
PARK
PARK
PARK
PARK
PARK
PARK
PARK
PARK
PARK
PARK
PARK
PARK
PARK
PARK
PARK
PARK
PARK
PARK
PARK
PARK
PARK
PARK
PARK
PARK
PARK
PARK
PARK
PARK
PARK
PARK
PARK
PARK
PARK
PARK
PARK
PARK
PARK
PARK
PARK
PARK
PARK
PARK
PARK
PARK
PARK
PARK
PARK
PARK
PARK
PARK
PARK
PARK
PARK
PARK
PARK
PARK
PARK
PARK
PARK
PARK
PARK
PARK
PARK
PARK
PARK
PARK
PARK
PARK
PARK
PARK
PARK
PARK
PARK
PARK
PARK
PARK
PARK
PARK
PARK
PARK
PARK
PARK
PARK
PARK
PARK
PARK
PARK
PARK
PARK
PARK
PARK
PARK
PARK
PARK
PARK
PARK
PARK
PARK
PARK
PARK
PARK
PARK
PARK
PARK
PARK
PARK
PARK
PARK
PARK
PARK
PARK
PARK
PARK
PARK
PARK
PARK
PARK
PARK
PARK
PARK
PARK
PARK
PARK
PARK
PARK
PARK
PARK
PARK
PARK
PARK
PARK
PARK
PARK
PARK
PARK
PARK
PARK
PARK
PARK
PARK
PARK
PARK
PARK
PARK
PARK
PARK
PARK
PARK
PARK
PARK
PARK
PARK
PARK
PARK
PARK
PARK
PARK
PARK
PARK
PARK
PARK
PARK
PARK
PARK
PARK
PARK
PARK
PARK
PARK
PARK
PARK
PARK
PARK
PARK
PARK
PARK
PARK
PARK
PARK
PARK
PARK
PARK
PARK
PARK
PARK
PARK
PARK
PARK
PARK
PARK
PARK
PARK
PARK
PARK
PARK
PARK
PARK
PARK
PARK
PARK
PARK
PARK
PARK
PARK
PARK
PARK
PARK
PARK
PARK
PARK
PARK
PARK
PARK
PARK
PARK
PARK
PARK
PARK
PARK
PARK
PARK
PARK
PARK
PARK
PARK
PARK
PARK
PARK
PARK
PARK
PARK
PARK
PARK
PARK
PARK
PARK
PARK
PARK
PARK
PARK
PARK
PARK
PARK
PARK
PARK
PARK
PARK
PARK
PARK
PARK
PARK
PARK
PARK
PARK
PARK
PARK
PARK
PARK
PARK
PARK
PARK
PARK
PARK
PARK
PARK
PARK
PARK
PARK
PARK
PARK
PARK
PARK
PARK
PARK
PARK
PARK
PARK
PARK
PARK
PARK
PARK
PARK
PARK
PARK
PARK
PARK
PARK
PARK
PARK
PARK
PARK
PARK
PARK
PARK
PARK
PARK
PARK
PARK
PARK
PARK
PARK
PARK
PARK
PARK
PARK
PARK
PARK
PARK
R3-2
M1-1
C4-3
R3A
R6
R3-2
R3-2
C3
M1-1
PARK
R3-1
M1-1
R3-2
C3
M1-1
R5
R6
R6B
R6B
C2-8
R8B
R8
R3-2
R4A
R4A
R7A
R1-1
M1-1
M1-1
M3-1
M3-1
R1-2
M3-1
M3-1
M3-1
M3-1
R1-2
R1-2
M3-1
R2
C3A
C3A
R2
R2
M1-1
R3-2
C3
R1-1
R1-1
M3-1
R1-2
R1-2
C8-1
C8-1
C8-1
C8-1
C8-1
R3-2
R10A
R1-1
R1-1
R1-2
R3-1
R3X
R3A
R3A
R3X
R1-2
R1-2
R1-2
R3-2
R3X
R3X
R3-2
R3-2
R3-2
R3-2
R8
R7-1
R3A
R5
R5D
R5D
R5A
R5A
C4-4A
R8B
R6
R4
R7-2
R7-2
R7-2
R7-2
R8
R10
R10
R1-2
R3-1
M3-1
R3-2
R3X
R1-2
R3X
R3-2
R3X
R3A
R3-2
PARK
R6
C4-3
C6-3
R6A
R2
R5D
R5
R6A
R3-2
R10A
R8
M1-1
R7B
R5B
C8-1
R2X
R4B
R1-2
PARK
R4B
C8-1
R5B
R4
R4-1
C8-1
R6B
R4A
R3-2
R5
R4-1
R3A
C4-1
R6
R4B
R4
R4
R5
M1-2\/R6
M1-1
R5D
C4-2
M1-2\/R8
R6A
R6A
C4-3A
R6B
R3-2
R8B
C4-4A
M1-1
R8B
R7B
R6A
R6
R8
R10
R4A
R7A
R4B
R2
C8-2
R6A
R5A
M1-1
R8X
R6B
R5
R6
R3-1
M1-1
R6
M3-1
R5
R2
M1-1
R3-2
R5
R5
R3-2
C4-3A
R6
M1-2
M2-1
C8-1
C3
R3-2
R3-1
R3A
R5B
R5
C6-1
C6-2A
R4-1
R5
R3X
C1-8
R5B
R7A
R5B
C4-2A
C3A
R4
M1-1
R4B
C3
R3A
C8-1
R4A
R5D
C4-3
R6B
M3-1
R1-2
R3-2
R5B
M1-2\/R6
PARK
R3-1
C4-1
C8-1
C8-2
R5B
M1-5
R4
M3-1
PARK
R3-2
M2-1
M1-2\/R6B
M1-2\/R6
PARK
PARK
M3-1
C6-2
R6
C6-2
R8
M3-1
C4-4
R3-2
C8-1
PARK
R3-2
R2
PARK
R1-1
PARK
PARK
R3-1
R3-2
PARK
PARK
PARK
R4A
R4A
PARK
R6B
C4-2
R3-1
R4-1
R5
R3-2
M1-1
M2-1
R3-2
M3-1
R3-2
R3-1
R3-1
R3-1
R3X
R3-1
PARK
PARK
PARK
PARK
R4B
R5B
R4-1
R3-1
R7A
R4A
R2
R2
R3A
R3X
R3-1
R3A
R5
R5
R5B
R5
PARK
PARK
PARK
PARK
PARK
PARK
C4-4
C8-3
C4-4
C8-3
C8-3
C8-3
R8
C8-4
C4-6
M3-1
C4-4D
C4-4
R8
M1-1
C4-4D
R8
C4-4
C4-4
R8
C8-3
M1-1
R8
M1-1
C8-3
M2-1
C3
C8-3
C8-3
C8-3
R8A
R7A
PARK
PARK
PARK
PARK
PARK
PARK
PARK
PARK
PARK
PARK
PARK
PARK
PARK
PARK
PARK
PARK
PARK
PARK
PARK
PARK
PARK
PARK
PARK
PARK
PARK
PARK
PARK
PARK
PARK
PARK
PARK
PARK
PARK
PARK
PARK
PARK
PARK
PARK
PARK
PARK
PARK
PARK
PARK
R8
R3-2
C4-2
R6
C4-2
M3-1
M3-1
C4-1
M1-1
PARK
PARK
PARK
PARK
PARK
PARK
PARK
M1-1
M1-1
M1-1
C8-1
M2-1
C8-1
R4B
C8-1
M1-2
R5D
R3A
R3A
R2
R3X
R2
R3-1
R3X
R5D
R3A
R3X
PARK
PARK
PARK
PARK
PARK
PARK
PARK
PARK
PARK
PARK
PARK
PARK
PARK
PARK
PARK
PARK
PARK
PARK
PARK
PARK
PARK
PARK
PARK
PARK
PARK
PARK
PARK
R3A
R3A
PARK
R3-1
PARK
PARK
C3
M3-1
R6
R1-2
PARK
R6
R4-1
C8-1
C4-1
M1-2
M1-1
R6
C8-1
M3-1
M1-1
PARK
PARK
PARK
PARK
PARK
PARK
PARK
PARK
PARK
PARK
R6
C2-6
C6-4
C4-5
R6
PARK
PARK
PARK
PARK
PARK
PARK
PARK
PARK
PARK
PARK
C3A
R3-1
R2
R1-2
R1-2
R4
PARK
PARK
PARK
PARK
PARK
PARK
PARK
R8
R7-1
M1-1
M1-2\/R8
M1-1\/R5
R5
R6A
R6A
PARK
PARK
PARK
R5
R1-2
R1-2
R1-2
R1-2
PARK
M1-2\/R8A
M1-4\/R8A
M3-1
C8-1
M1-1
M1-1D
M1-1
R4
R4
R4B
R5B
R4A
R4B
PARK
PARK
PARK
PARK
PARK
C6-2G
M1-5B
C6-2G
C4-4A
C6-3A
PARK
PARK
PARK
PARK
C8-1
C8-1
C8-2
M1-1
R4
R5
R5
R5A
R6A
R7-1
C8-2
M1-1
C8-1
R4A
C4-4
C8-1
R7-1
R6
C8-1
R5D
R4A
R4-1
R4A
R4A
R5
R7-1
M1-1
R7A
M1-2
M1-1
R3-1
R4
C8-1
R3A
R5A
M1-1
M1-1
C4-4
R7X
PARK
PARK
PARK
PARK
PARK
PARK
PARK
PARK
PARK
PARK
PARK
PARK
PARK
PARK
PARK
PARK
PARK
PARK
PARK
PARK
PARK
PARK
PARK
PARK
PARK
PARK
PARK
PARK
PARK
PARK
PARK
PARK
PARK
PARK
PARK
PARK
PARK
PARK
PARK
PARK
C8-1
R5
R4-1
C1-6A
C1-8A
C1-9A
C1-8
R7-1
R3-2
R1-2
C1-9
R6A
PARK
PARK
M1-1\/R7D
R5A
C4-3
M3-1
PARK
R4A
C6-9
C5-3
M1-4
PARK
PARK
PARK
PARK
C4-4
R7-2
C4-4
R7-2
C8-3
R7-2
R6
C8-3
C6-2
C4-6
R8A
PARK
PARK
PARK
PARK
PARK
PARK
PARK
PARK
PARK
PARK
PARK
PARK
PARK
PARK
PARK
PARK
M1-2
PARK
R6
PARK
R3X
R1-2
R4A
R1-2
R1-2
M1-1
R3-2
R7A
R5B
R5B
R6
R4-1
R5B
R5B
R4-1
R4-1
R4-1
R6A
R4-1
C8-2
R5B
R6A
R5B
R2
R6A
R4
R6B
R6B
R6B
R5B
R6A
R6A
R6A
R5B
R5B
R3X
R4A
R6A
R5B
R5B
R2
PARK
PARK
R8B
R7A
PARK
C1-7A
M3-1
PARK
R8B
C6-4
M1-1
M1-2
M1-4
C8-4
PARK
PARK
PARK
PARK
PARK
PARK
PARK
PARK
PARK
PARK
PARK
PARK
PARK
PARK
PARK
PARK
PARK
PARK
R2
M1-4
R7A
M1-2\/R6A
M1-1
M1-2
C8-2
R5
M1-2
C8-1
C8-1
R7-1
M1-1
M1-1
M1-1
M1-1
C8-1
R5
R2
R7-2
C4-3
C8-2
C8-2
C8-2
C8-2
R7-1
C8-2
M1-1
C8-1
M3-1
R4
R6A
C4-3
R5B
M1-1
M1-1
M1-4
R6B
M1-1
M1-1
R6A
R6B
R5
R5B
R7D
C4-5D
M1-2
R7A
M1-1
M1-1
PARK
PARK
PARK
PARK
PARK
PARK
PARK
PARK
PARK
PARK
PARK
PARK
PARK
PARK
PARK
PARK
PARK
PARK
PARK
PARK
PARK
PARK
PARK
PARK
PARK
PARK
PARK
PARK
PARK
PARK
PARK
PARK
PARK
PARK
PARK
M2-1
R7A
R2
C8-2
C8-3
M1-2
C6-3D
R6
M1-5
M2-1
M3-1
C8-1
M1-1
C8-3
C8-3
PARK
PARK
PARK
PARK
PARK
PARK
PARK
PARK
PARK
PARK
PARK
PARK
PARK
PARK
PARK
PARK
PARK
PARK
PARK
PARK
PARK
PARK
PARK
PARK
PARK
PARK
PARK
PARK
PARK
PARK
PARK
PARK
PARK
PARK
PARK
PARK
PARK
PARK
PARK
PARK
PARK
PARK
PARK
PARK
PARK
PARK
PARK
PARK
PARK
M1-1
R7A
R7-1
C8-2
C4-4
M1-1
M1-2
C8-2
M1-2
R7-3
R7A
R6A
R6B
PARK
PARK
PARK
PARK
PARK
PARK
PARK
PARK
PARK
PARK
PARK
PARK
PARK
PARK
PARK
PARK
C4-1
R7D
R3X
R2A
R3X
M1-1
PARK
PARK
R4
M1-2
R4B
R5B
M1-2
R6B
R4B
R4A
R3A
R4A
R4
R4B
R4B
R4-1
M1-1
R5B
R4B
PARK
PARK
R5B
R4
R4-1
R2X
C4-2
R4-1
C8-2
R5
R5
M1-1
C8-1
C4-2A
C8-2
R6
R2X
R6A
C8-1
C4-2
M1-1
C8-1
M1-1
C8-2
R7A
M1-2
R3-1
R6
R6
C8-1
C4-2
R6A
R4
M1-1
C4-5X
R4A
R6A
PARK
PARK
PARK
PARK
PARK
PARK
PARK
PARK
M1-2
M1-2
M1-3
R7-1
C4-4
R7-2
R7-2
M1-2
PARK
PARK
PARK
PARK
PARK
PARK
PARK
PARK
R8B
R8B
R8B
R7A
R8B
PARK
PARK
PARK
C6-2A
M1-2\/R6
M1-2\/R6
R6A
R6B
R6A
C4-4A
R4A
R4A
R3-2
R6
R3X
R4-1
R5
R4-1
R4-1
R4A
R4-1
R4A
R5D
R4A
R4A
R4A
PARK
PARK
PARK
R7-1
R6B
R8B
R9A
PARK
R4A
R4A
R7A
R6B
M3-2
R4B
C4-2
M1-1
R4
R4A
R3-1
R2A
PARK
PARK
R8A
C6-1
PARK
PARK
R8B
M3-2
PARK
PARK
PARK
PARK
C3
R4
R4
C1-9A
M1-4\/R7A
R8A
R8
R8
PARK
PARK
PARK
PARK
R6
PARK
R4A
R4
R5D
R4
R4-1
R5
R6B
R6A
C4-2A
R4-1
R4B
C6-2A
R7A
C4-4A
R2
PARK
PARK
R5B
R6A
PARK
C8-1
R8
PARK
C6-2
C4-4
R4
R4A
R3X
R5B
M1-1
R6
R7-1
C4-2
R2
R2
R2
R3-1
R5B
R4
R4
R4-1
R2
R4B
R3-1
R6
R2A
C8-3
R3X
R4-1
R3X
R4
R3A
R6
R4-1
R5B
R4
R4-1
R3X
R4
R4B
R4
R3X
R4
R6
PARK
PARK
PARK
PARK
PARK
PARK
PARK
PARK
PARK
PARK
PARK
PARK
PARK
PARK
PARK
PARK
PARK
PARK
PARK
PARK
PARK
PARK
PARK
PARK
PARK
PARK
PARK
PARK
PARK
R4
PARK
R3-2
R5
R1-2
C8-1
M1-1
R2
M1-1
R3-1
C8-1
R3X
R6
R3X
R3X
PARK
PARK
PARK
PARK
PARK
PARK
R1-2
R1-1
R1-2
PARK
PARK
R2
R6
PARK
PARK
PARK
R1-2
R1-2
PARK
PARK
PARK
PARK
PARK
C8-2
R5
R6
R6
R3-1
M1-1
R5B
M2-1
PARK
PARK
R4
C8-1
M2-1
C8-1
R5D
R4
M1-1
R5
R3-2
R3-2
R3-2
M1-1
M1-1
M1-1
R3-2
R3-2
R3-2
PARK
R3A
R3X
R4-1
C4-2
R3X
R2
M1-1
R4
R4-1
R4A
R3A
R4A
R4-1
R4A
PARK
PARK
PARK
R6
R4-1
C8-1
R3-1
R1-2
R3-2
R3-1
PARK
R4
R1-2
R3-2
R4A
M2-1
R4
PARK
PARK
PARK
PARK
PARK
C8-1
R5
R3X
M3-1
PARK
R3-2
R3-1
PARK
R1-2
R3X
R5
R3-1
R3-2
R3X
M3-1
R3-1
R3-1
R3X
R3-2
PARK
PARK
PARK
PARK
PARK
R3-2
R1-1
R3X
R3X
R6
R3-1
R1-2
R3-1
C8-1
C4-1
R1-2
R4
C4-1
R3-1
R3-2
R2
R1-2
R2
R3-2
R3X
PARK
R3-2
R4
R3-2
R3X
R3-2
R3A
PARK
R6B
PARK
PARK
PARK
PARK
M1-1
C4-2A
M2-1
R5B
C4-4A
R6
R7A
R4A
R5B
C4-3
PARK
PARK
PARK
PARK
PARK
R6B
R7A
R6B
C4-2
M1-1
M2-1
PARK
R4
R4-1
PARK
R2
M1-1
R3X
R3X
R3-1
M1-1
R5
M1-1
C4-4A
R6A
C4-2
C8-2
R6A
R7A
R6B
R8B
R6
PARK
PARK
M1-1
M3-1
M1-1
M1-4\/R7-2
PARK
PARK
PARK
PARK
R7D
R6A
M1-1
R6
R6A
PARK
R6B
R7A
R7D
R6A
PARK
R5D
R4-1
R6B
M1-4D
R5B
PARK
R3A
R3A
R5B
R4-1
M1-4
M1-6
PARK
C6-9
C5-3
C6-3
PARK
PARK
C6-2A
C6-3A
R3-2
R5
R6B
R7A
R7A
R6A
R6B
PARK
C4-4
R5
C4-2
R2
C4-4D
R5D
R3-1
R4B
R4-1
R3A
R1-2
PARK
C8-1
C1-7A
C6-2A
C1-7
C1-6A
C6-3
C6-3A
M3-2
M2-4
R4-1
R8B
R4
R8B
R7A
M2-3
R1-2A
R5
R7A
M1-2\/R6A
M1-2\/R6B
M1-2\/R6A
M1-1
C1-6A
C1-6A
C1-7
C1-6A
R8B
R8B
C1-7A
R7A
PARK
M1-1
R5
PARK
PARK
R4
R6A
PARK
R2A
R4-1
PARK
M1-1
PARK
PARK
M1-1
R5
R5A
R6A
PARK
R6A
C4-2
M3-1
PARK
R4A
R4
R3A
R4B
C8-1
R4
R2A
R4
R3-1
R3X
PARK
R4
R6B
R3-2
R6A
R4A
R4-1
R2
R4
R1-2A
R4
R5
R4-1
R4
R4-1
R2
R4A
R5B
M3-1
M3-1
C4-4
PARK
R1-2
R2
R3X
R4-1
R4
R3-2
R1-2
R3-2
R7-1
R4A
R5D
R2
R10H
R10H
C5-1
C5-3
R8B
R8
R8A
R8B
R8
PARK
PARK
PARK
C6-6
M1-1
C1-8X
R8B
R4B
PARK
R8B
R8B
C1-9
R10A
R3-1
R1-2
R6
M1-1
PARK
M1-1
R6
R5B
R6A
R5B
R6A
R5D
C4-3
R5B
R5D
R3-1
R3X
R3-1
R3A
R4
R3X
R2A
R4A
R3-2
R3-2
R3-2
R3-2
R3X
R1-2
R2A
PARK
R4
R4
R2
R1-2
M1-1
R2
R3-2
PARK
R6A
C4-4A
C4-4A
C4-7
R7A
R8A
R10
M1-4
R7A
R8A
R8
R10
R8
C1-8X
R8
C2-8
C8-4
C1-9
C4-6
R10
R7B
R7A
R7A
R7A
R8A
R7A
C4-4D
R8
R7A
R7B
R8A
R10A
R8A
R8A
M1-4
R10A
R9
R7A
R8
C4-4
C4-7
C4-4
C6-3
R6A
C4-4A
R8A
PARK
PARK
PARK
PARK
PARK
PARK
PARK
PARK
PARK
PARK
R7B
C4-4D
C6-3
C8-3
M1-1
M2-1
PARK
PARK
PARK
PARK
PARK
PARK
R7-1
R6
R5A
PARK
C8-3
PARK
PARK
R6A
R7A
PARK
R6
R3-2
R8A
C1-9
PARK
C4-4D
M1-5\/R7-2
C6-1
R7A
C8-1
M1-1
C8-3
R4-1
R3-2
R3A
R4-1
C8-1
C3A
R4-1
R6
M1-1
PARK
PARK
R4A
M1-2
M2-1
PARK
M1-2
R7-2
M1-3\/R8
M1-4\/R7X
C6-2A
PARK
C4-1
M3-2
M1-2
M1-1
M1-1
C8-1
C8-1
M1-1
C4-2
C8-1
C4-1
M1-1
C8-1
M1-1
C8-1
C8-2
C4-3
C8-2
C8-2
M1-1
M1-1
C8-2
M1-1
M1-1
M1-1
R6
M1-1
M3-1
R4
R6A
C8-1
R3X
R4-1
R5B
R4
R5D
R5D
R7A
PARK
PARK
PARK
PARK
PARK
PARK
PARK
PARK
PARK
PARK
R3-2
C3
PARK
C3
R9
R7X
R7B
R7A
R8A
R7A
M2-2
R7B
C4-4
C6-3
PARK
PARK
M1-1
R7X
R7-1
R1-2
R7-2
M1-1\/R7-2
M1-1
C4-4
R8A
M1-1
C6-2
PARK
PARK
PARK
PARK
PARK
PARK
PARK
PARK
PARK
PARK
PARK
PARK
R6
C6-4.5
C6-4.5
M1-1
R5D
M1-1
PARK
PARK
R3A
R3-1
R3-1
R3-1
R3-2
R3-1
R3-2
R3-1
R3A
R3-2
R2
R3-1
R3-2
R3-2
R1-2
R3-2
R3-2
R3A
M1-1
C8-3
C4-5X
M1-5
C4-5X
R6A
R5
C4-4D
R6A
C4-4A
R5
C8-3
M1-1
C4-4
R6A
M1-4\/R7X
C4-4A
R7X
M1-4\/R7A
C4-5X
M1-2
M1-2\/R6B
M1-2\/R6A
M1-2\/R6B
M2-1
C8-2
M1-2
C1-6A
R3X
R3-2
R4-1
R3-2
R3X
R4
R4B
R3X
R4B
R3-1
R3-1
R4
R4-1
R1-2A
R3-1
R5D
R3X
R4
R4-1
R5
R4
R2A
R2A
R2
R2
R3-1
R3-1
R2A
C8-1
R5B
R3-2
R3X
BPC
R6A
M3-1
M1-4\/R6A
R7-2
R8
R7A
R7D
R5D
R6B
R7B
R5A
R5A
R5B
R5A
R5B
R7A
C4-4
C8-2
R5A
R7A
R5A
R7B
R7B
R5B
R4A
R6B
R5A
R6B
R5B
R7B
R5A
R8
R5B
R5A
R7B
R7A
R7B
R7B
R5B
R5B
R6B
R7A
C8-2
R6A
R5B
C4-4A
R8A
M2-2
M1-2
R8
R6B
PARK
PARK
R3-2
R6
R3X
R6
R3-1
R4-1
PARK
R4
R5B
R4
C4-2
M1-1
R3X
R5D
R4B
R5D
PARK
PARK
R4
R6
C8-1
R3-1
R5
R3A
R4
R4B
R3A
R3A
R3-2
R3-1
R2
R3A
R3-2
R2
C8-1
R3-2
R2
R2
R3-2
M1-1
C8-1
R3-2
R3-2
PARK
PARK
C4-2
R3-1
R3-1
R5D
R3A
R4-1
R3X
R5D
PARK
PARK
M2-3
M2-3
R8A
R8A
M1-5
R2A
R3-1
M1-1
C6-4
C4-5D
R7D
R4-1
R5
R4
R5D
R5B
R5B
R3-2
R4-1
R4
R4-1
R4-1
R5B
R5B
R5B
R5B
R5D
R5D
R7-1
R5D
R5D
R7B
R6B
R5
R5
R5D
R6A
R7A
R7A
C8-1
C4-4A
R4
R5
M1-4
C4-5X
R8B
R8B
R10A
C1-8A
C1-8A
R8B
R8B
C2-7A
R10A
R8B
C2-7A
R8B
R8
C1-9
R8B
R9A
R7-3
R6A
R8B
M3-1
M1-1
M3-1
R6B
R6B
R6A
R7B
R6B
R6B
R7B
R6A
R7X
R8X
R8X
R6A
R7-1
R7-1
R5A
R6
R7A
R6
R4
R5
R5
R4
R5
R5
R5D
R6A
C8-1
R5
R4
R5D
R5
R5
R4
R4
R4A
R4A
R5
R4
R4A
R5A
R6A
R5
C6-2A
R8B
R8A
R8B
R8A
C2-7A
C1-6A
C6-3
C6-3X
M1-6
M1-5
M1-6D
C6-4X
M1-6
M1-4
M1-2
M1-2
R8A
R6B
R7-1
C6-4
R7A
R6B
C5-4
C6-4.5
C5-4
C6-4
C6-2A
C5-2A
R6A
R5B
R4A
R6A
R7A
R2
R7A
R3-1
R4B
R4B
C4-2A
R5B
M2-1
R4A
M1-1
R7-1
M1-1
R6
C8-1
M1-2
R6B
R6B
R4B
R5B
R3-1
R5
M1-1
R4-1
PARK
C4-5X
R5D
R7B
R4
R3-1
R4B
M3-1
R7-3
R10
R2
R3X
R3X
R6A
R5
R3X
R7X
R6A
R7A
C4-5X
M1-2
R5D
R6A
R5
C6-2
R5
R6
M1-4
C4-5X
R6A
C6-3
C4-5X
R5
C4-3A
R6A
R5
C6-4
C4-4A
C4-4A
C6-2
C6-3
M1-4\/R6B
M1-4
R6A
M1-5\/R7X
M3-2
M1-4\/R6B
M1-4\/R7A
M1-4\/R6B
C5-3
M1-5\/R7X
M1-5\/R7-3
M3-1
M1-5
M1-1
M1-5\/R9
M1-5\/R7-3
M1-5
M1-5\/R7-3
M1-5\/R9
M1-6\/R10
R6A
R6A
M1-4
M1-1
R7A
C1-9
M2-3
C2-7
C6-2
R6
C1-6
R8
C2-6
C6-2
C2-7
C2-6
C1-7
C1-6
C6-3A
C6-2
M1-2
C4-4D
C4-4A
R6A
C6-3X
C1-7
C6-2A
C6-1
R8B
C5-1
R8B
R8B
R10A
PARK
C3
C3
C8-1
R8X
R7-2
PARK
R3X
R3-1
R3-1
R4
R6A
R5
R3X
PARK
R3-1
R4A
R3-1
M1-1
M1-2
R4A
R4-1
PARK
R4-1
R4-1
R4B
PARK
R4A
R3A
R3X
R5
R3-1
C8-1
R3-1
C6-2
C1-7
R6A
PARK
C8-1
C4-3
C8-2
R6B
R7-1
C8-2
M1-1
R6A
PARK
PARK
PARK
R7A
R6A
PARK
C8-2
R6
M1-1
C6-2
C6-2
C6-2G
R6A
M1-3
R6A
M3-1
R6B
R6B
M1-5
R6B
R6B
R6B
R6B
R6B
R6A
R6B
R6B
R6
R6B
R6B
R6B
R6
R6B
R7A
R7D
R7-1
R6
R7D
C4-3
C4-4L
R6
C4-3
R7A
R6A
R7-1
R7B
M1-2\/R5D
R6A
M1-1
R4
R5
R5
R2
R3A
R4
C4-1
M1-1
R5
C4-2
M1-5\/R8A
R6B
R4-1
R5B
M1-2D
R4
M1-2\/R6
R6B
R4
R6B
R8B
C2-8
C8-4
R8
R6
C4-5
C6-2A
C6-2
R8
C6-7T
M1-2
R6
R7A
R3X
R5
C4-2
R5
R6B
R4-1
R7-1
R6
R4
R6B
R4-1
R4-1
R3-2
M1-6
C6-2
R5
C4-3A
R3-2
R3-2
R6
R6
R6
M1-1
R3-1
R5
R8B
M1-1
M1-1
R3-1
M1-1
R8B
R8
R3X
R6B
R7A
R4-1
R7A
M1-2
R6B
R5B
PARK
PARK
PARK
PARK
PARK
PARK
PARK
PARK
R2
M3-1
M2-1
R3-2
R3-2
R1-2
R3-2
R3-2
R3-2
R3-2
R3-2
R3-2
R3-2
R3-2
R3-2
R3-2
R3-2
R3-2
R3-2
R3-2
R3-2
R3-2
R3-2
R3-2
R3-2
R1-2
R3-2
R3-2
R5
R5
M2-1
R2
R5
R5
R6B
M1-1
R3-2
C4-4
C7
R4
R3-2
R6B
C4-2
R4-1
R6B
R3A
M1-1
R6
R3A
R5B
R5
R5
R3X
R4-1
PARK
R3-2
R3-2
R3-1
PARK
R3-2
R3X
R3-2
R3-1
R1-2
R2
PARK
PARK
PARK
PARK
PARK
M1-1
R2A
R3X
R3-1
R3-1
R3-1
R4
R3-2
M3-1
R6
R3-2
R7-1
R6B
R4B
R4
R3A
R3A
R5
R4
R4A
R7-1
M1-1
R5
R4-1
R6
R4-1
R4
R7B
R7-2
M3-1
R8A
C4-3
R7-1
R5
R6B
C4-3
R6A
C8-3
M1-1
M2-1
M1-1
R5
C8-3
PARK
R7X
C4-3
M3-1
R6
R3-2
R4
R5B
R4-1
M1-1
R3-2
R4
R5
R5B
R7A
M1-2\/R6A
M1-2\/R6A
R6
R6B
C2-8A
R8A
R6
R3-2
R10
R8B
C4-4
R6
R5
R4A
R6
R6B
R4
R6
PARK
R6B
C8-2
PARK
R4
R4-1
R4
R4
R2A
R4
M1-1
M1-1
R3-1
R6
R6
R5
R6
R3-1
R3A
M1-1
R5
R3X
R2
R3A
R5
R3-2
C8-1
R4
R3-1
R5
R3-2
R3-2
R3X
R2
R1-1
R3A
R3-2
C4-2
R2
R1-2
R3-2
R3-2
R3X
R7A
M1-1
R3-2
M3-1
R3X
R3A
M1-2
R6
R6
R5B
R3-2
M2-1
R5B
R6B
R6B
M2-1
R6B
R7-1
R6B
R6
R3X
R2
R4B
C6-4
C6-1G
C6-1
R4
C8-2
R6B
R6A
R4
R4B
M1-5
R6
R8A
M2-1
R3-2
R4
R6B
R6
R2A
R2A
C4-7
R8B
R4
R6A
PARK
R2A
R2A
R5
R5
R5
PARK
R3-1
R3-1
R3-1
R7B
R7A
M1-4
R8A
R6
M1-2
M3-1
R7-1
R4A
R6A
R1-1
M1-1
R7A
R8
R7-2
R6
R4A
R4
M1-1
R5
M1-4\/R7A
M1-4
M1-1
R4
R4
M1-1
R6
R6
R6A
PARK
R3-2
C4-4D
M1-1
R7-2
C6-6
R3-2
R3-2
R3-1
R3-2
R3X
R3-2
C4-4
R6A
R7-1
M1-4
M1-4\/R7A
R5
C6-1
R3-2
R4-1
R3-1
R6
R3X
R2
R2A
C6-4
R5
R5B
R7-1
C4-4
R8
R7B
M1-1
R4A
R3-2
R6
R3-1
C4-2
R5D
R3A
R3-2
C5-5
M1-2
M2-4
R6
R8
C6-2
R8
C8-3
R3A
R3A
R5
R5B
R6B
R5D
R6A
R6
R7-2
R10A
C4-6A
R6
R6B
R6
R6A
M1-1
R7-1
R7A
R7-1
R5
R6A
R5
R5
R4
R7B
R6
R7-2
C6-1
C6-1
C6-4
R4B
R5B
R3-2
R3-2
R3-2
R6A
R5B
R7A
R5B
R5B
R4-1
R3-2
R2A
R6
R4
R7-1
R1-2
R7A
R4-1
R6A
M1-1
M1-4\/R6B
M1-4\/R6B
M1-4
R5
C1-6
R7-2
C6-4
R10
R1-2
R3A
R3-2
R5
R4A
R5
R6A
M1-1
R3-2
R2A
R7-1
R1-2
R3X
M1-1
M1-2
R5
R4A
R8
R7-2
R7A
R6B
R6B
R6A
R6B
R6
C4-4L
R6A
PARK
R6A
R7A
R6A
R6A
R6A
R6A
R6A
R7-2
R7-2
R7A
R6A
R7-2
R7A
R7A
R7A
R7A
R7-2
R8A
R6A
R7D
R8
C6-3X
R8
C4-2
C4-5X
C8-1
R7B
R5
R4
R6
R6B
R4
M1-1
R6B
R6A
R7A
PARK
R8
M1-1
R6A
M1-4\/R7A
R6
C5-2.5
C5-2.5
C5-2.5
R8B
C1-9
C1-9
R10
C5-2
C6-4
R10
C5-2.5
C5-2.5
R10
R7-2
R10
C5-2
R9X
R8B
C6-4.5
C6-6
C5-3
C6-4.5
M1-6
M1-1
M1-2
C2-6A
C2-8
C4-6
R7-2
M1-6
M1-5A
M1-5B
C6-2A
M2-3
M2-3
M1-5
R7-2
C4-5
R7-2
M1-2
R7A
C6-1
C6-2
M1-4\/R7A
M1-4\/R6B
R7X
R2A
R3X
R3X
R1-2A
R1-2A
R2A
C4-1
C8-1
R3-2
R3A
R2A
R2A
R3X
R2
R3A
R3A
R3A
R3A
R3X
R3X
R3X
R3X
R3-2
R3-2
C8-1
M1-1
C8-1
R3A
R3-2
R3-2
R3-1
R4-1
R4-1
C8-1
R3A
R4
R3-2
R3-2
R2A
R7A
R5
R10A
R7-2
R9
R7-2
R9
R9
R8
C2-8
R7-2
C1-9
C2-8
R3-1
R2
